subdomain,batch
dashboard-20211202170632-0,20211202170632
dashboard-20211202170632-1,20211202170632
dashboard-20211202170632-2,20211202170632
dashboard-20211202170632-3,20211202170632
dashboard-20211202170632-4,20211202170632
dashboard-20211202170632-5,20211202170632
dashboard-20211202170632-6,20211202170632
dashboard-20211202170632-7,20211202170632
dashboard-20211202170632-8,20211202170632
dashboard-20211202170632-9,20211202170632
dashboard-20211202170632-10,20211202170632
dashboard-20211202170632-11,20211202170632
dashboard-20211202170632-12,20211202170632
dashboard-20211202170632-13,20211202170632
dashboard-20211202170632-14,20211202170632
dashboard-20211202170632-15,20211202170632
dashboard-20211202170632-16,20211202170632
dashboard-20211202170632-17,20211202170632
dashboard-20211202170632-18,20211202170632
dashboard-20211202170632-19,20211202170632
dashboard-20211202170632-20,20211202170632
dashboard-20211202170632-21,20211202170632
dashboard-20211202170632-22,20211202170632
dashboard-20211202170632-23,20211202170632
dashboard-20211202170632-24,20211202170632
dashboard-20211202170632-25,20211202170632
dashboard-20211202170632-26,20211202170632
dashboard-20211202170632-27,20211202170632
dashboard-20211202170632-28,20211202170632
dashboard-20211202170632-29,20211202170632
dashboard-20211202170632-30,20211202170632
dashboard-20211202170632-31,20211202170632
dashboard-20211202170632-32,20211202170632
dashboard-20211202170632-33,20211202170632
dashboard-20211202170632-34,20211202170632
dashboard-20211202170632-35,20211202170632
dashboard-20211202170632-36,20211202170632
dashboard-20211202170632-37,20211202170632
dashboard-20211202170632-38,20211202170632
dashboard-20211202170632-39,20211202170632
dashboard-20211202170632-40,20211202170632
dashboard-20211202170632-41,20211202170632
dashboard-20211202170632-42,20211202170632
dashboard-20211202170632-43,20211202170632
dashboard-20211202170632-44,20211202170632
dashboard-20211202170632-45,20211202170632
dashboard-20211202170632-46,20211202170632
dashboard-20211202170632-47,20211202170632
dashboard-20211202170632-48,20211202170632
dashboard-20211202170632-49,20211202170632
dashboard-20211202170632-50,20211202170632
dashboard-20211202170632-51,20211202170632
dashboard-20211202170632-52,20211202170632
dashboard-20211202170632-53,20211202170632
dashboard-20211202170632-54,20211202170632
dashboard-20211202170632-55,20211202170632
dashboard-20211202170632-56,20211202170632
dashboard-20211202170632-57,20211202170632
dashboard-20211202170632-58,20211202170632
dashboard-20211202170632-59,20211202170632
dashboard-20211202170632-60,20211202170632
dashboard-20211202170632-61,20211202170632
dashboard-20211202170632-62,20211202170632
dashboard-20211202170632-63,20211202170632
dashboard-20211202170632-64,20211202170632
dashboard-20211202170632-65,20211202170632
dashboard-20211202170632-66,20211202170632
dashboard-20211202170632-67,20211202170632
dashboard-20211202170632-68,20211202170632
dashboard-20211202170632-69,20211202170632
dashboard-20211202170632-70,20211202170632
dashboard-20211202170632-71,20211202170632
dashboard-20211202170632-72,20211202170632
dashboard-20211202170632-73,20211202170632
dashboard-20211202170632-74,20211202170632
dashboard-20211202170632-75,20211202170632
dashboard-20211202170632-76,20211202170632
dashboard-20211202170632-77,20211202170632
dashboard-20211202170632-78,20211202170632
dashboard-20211202170632-79,20211202170632
dashboard-20211202170632-80,20211202170632
dashboard-20211202170632-81,20211202170632
dashboard-20211202170632-82,20211202170632
dashboard-20211202170632-83,20211202170632
dashboard-20211202170632-84,20211202170632
dashboard-20211202170632-85,20211202170632
dashboard-20211202170632-86,20211202170632
dashboard-20211202170632-87,20211202170632
dashboard-20211202170632-88,20211202170632
dashboard-20211202170632-89,20211202170632
dashboard-20211202170632-90,20211202170632
dashboard-20211202170632-91,20211202170632
dashboard-20211202170632-92,20211202170632
dashboard-20211202170632-93,20211202170632
dashboard-20211202170632-94,20211202170632
dashboard-20211202170632-95,20211202170632
dashboard-20211202170632-96,20211202170632
dashboard-20211202170632-97,20211202170632
dashboard-20211202170632-98,20211202170632
dashboard-20211202170632-99,20211202170632
dashboard-20211202170632-100,20211202170632
dashboard-20211202170632-101,20211202170632
dashboard-20211202170632-102,20211202170632
dashboard-20211202170632-103,20211202170632
dashboard-20211202170632-104,20211202170632
dashboard-20211202170632-105,20211202170632
dashboard-20211202170632-106,20211202170632
dashboard-20211202170632-107,20211202170632
dashboard-20211202170632-108,20211202170632
dashboard-20211202170632-109,20211202170632
dashboard-20211202170632-110,20211202170632
dashboard-20211202170632-111,20211202170632
dashboard-20211202170632-112,20211202170632
dashboard-20211202170632-113,20211202170632
dashboard-20211202170632-114,20211202170632
dashboard-20211202170632-115,20211202170632
dashboard-20211202170632-116,20211202170632
dashboard-20211202170632-117,20211202170632
dashboard-20211202170632-118,20211202170632
dashboard-20211202170632-119,20211202170632
dashboard-20211202170632-120,20211202170632
dashboard-20211202170632-121,20211202170632
dashboard-20211202170632-122,20211202170632
dashboard-20211202170632-123,20211202170632
dashboard-20211202170632-124,20211202170632
dashboard-20211202170632-125,20211202170632
dashboard-20211202170632-126,20211202170632
dashboard-20211202170632-127,20211202170632
dashboard-20211202170632-128,20211202170632
dashboard-20211202170632-129,20211202170632
dashboard-20211202170632-130,20211202170632
dashboard-20211202170632-131,20211202170632
dashboard-20211202170632-132,20211202170632
dashboard-20211202170632-133,20211202170632
dashboard-20211202170632-134,20211202170632
dashboard-20211202170632-135,20211202170632
dashboard-20211202170632-136,20211202170632
dashboard-20211202170632-137,20211202170632
dashboard-20211202170632-138,20211202170632
dashboard-20211202170632-139,20211202170632
dashboard-20211202170632-140,20211202170632
dashboard-20211202170632-141,20211202170632
dashboard-20211202170632-142,20211202170632
dashboard-20211202170632-143,20211202170632
dashboard-20211202170632-144,20211202170632
dashboard-20211202170632-145,20211202170632
dashboard-20211202170632-146,20211202170632
dashboard-20211202170632-147,20211202170632
dashboard-20211202170632-148,20211202170632
dashboard-20211202170632-149,20211202170632
dashboard-20211202170632-150,20211202170632
dashboard-20211202170632-151,20211202170632
dashboard-20211202170632-152,20211202170632
dashboard-20211202170632-153,20211202170632
dashboard-20211202170632-154,20211202170632
dashboard-20211202170632-155,20211202170632
dashboard-20211202170632-156,20211202170632
dashboard-20211202170632-157,20211202170632
dashboard-20211202170632-158,20211202170632
dashboard-20211202170632-159,20211202170632
dashboard-20211202170632-160,20211202170632
dashboard-20211202170632-161,20211202170632
dashboard-20211202170632-162,20211202170632
dashboard-20211202170632-163,20211202170632
dashboard-20211202170632-164,20211202170632
dashboard-20211202170632-165,20211202170632
dashboard-20211202170632-166,20211202170632
dashboard-20211202170632-167,20211202170632
dashboard-20211202170632-168,20211202170632
dashboard-20211202170632-169,20211202170632
dashboard-20211202170632-170,20211202170632
dashboard-20211202170632-171,20211202170632
dashboard-20211202170632-172,20211202170632
dashboard-20211202170632-173,20211202170632
dashboard-20211202170632-174,20211202170632
dashboard-20211202170632-175,20211202170632
dashboard-20211202170632-176,20211202170632
dashboard-20211202170632-177,20211202170632
dashboard-20211202170632-178,20211202170632
dashboard-20211202170632-179,20211202170632
dashboard-20211202170632-180,20211202170632
dashboard-20211202170632-181,20211202170632
dashboard-20211202170632-182,20211202170632
dashboard-20211202170632-183,20211202170632
dashboard-20211202170632-184,20211202170632
dashboard-20211202170632-185,20211202170632
dashboard-20211202170632-186,20211202170632
dashboard-20211202170632-187,20211202170632
dashboard-20211202170632-188,20211202170632
dashboard-20211202170632-189,20211202170632
dashboard-20211202170632-190,20211202170632
dashboard-20211202170632-191,20211202170632
dashboard-20211202170632-192,20211202170632
dashboard-20211202170632-193,20211202170632
dashboard-20211202170632-194,20211202170632
dashboard-20211202170632-195,20211202170632
dashboard-20211202170632-196,20211202170632
dashboard-20211202170632-197,20211202170632
dashboard-20211202170632-198,20211202170632
dashboard-20211202170632-199,20211202170632
dashboard-20211202170632-200,20211202170632
dashboard-20211202170632-201,20211202170632
dashboard-20211202170632-202,20211202170632
dashboard-20211202170632-203,20211202170632
dashboard-20211202170632-204,20211202170632
dashboard-20211202170632-205,20211202170632
dashboard-20211202170632-206,20211202170632
dashboard-20211202170632-207,20211202170632
dashboard-20211202170632-208,20211202170632
dashboard-20211202170632-209,20211202170632
dashboard-20211202170632-210,20211202170632
dashboard-20211202170632-211,20211202170632
dashboard-20211202170632-212,20211202170632
dashboard-20211202170632-213,20211202170632
dashboard-20211202170632-214,20211202170632
dashboard-20211202170632-215,20211202170632
dashboard-20211202170632-216,20211202170632
dashboard-20211202170632-217,20211202170632
dashboard-20211202170632-218,20211202170632
dashboard-20211202170632-219,20211202170632
dashboard-20211202170632-220,20211202170632
dashboard-20211202170632-221,20211202170632
dashboard-20211202170632-222,20211202170632
dashboard-20211202170632-223,20211202170632
dashboard-20211202170632-224,20211202170632
dashboard-20211202170632-225,20211202170632
dashboard-20211202170632-226,20211202170632
dashboard-20211202170632-227,20211202170632
dashboard-20211202170632-228,20211202170632
dashboard-20211202170632-229,20211202170632
dashboard-20211202170632-230,20211202170632
dashboard-20211202170632-231,20211202170632
dashboard-20211202170632-232,20211202170632
dashboard-20211202170632-233,20211202170632
dashboard-20211202170632-234,20211202170632
dashboard-20211202170632-235,20211202170632
dashboard-20211202170632-236,20211202170632
dashboard-20211202170632-237,20211202170632
dashboard-20211202170632-238,20211202170632
dashboard-20211202170632-239,20211202170632
dashboard-20211202170632-240,20211202170632
dashboard-20211202170632-241,20211202170632
dashboard-20211202170632-242,20211202170632
dashboard-20211202170632-243,20211202170632
dashboard-20211202170632-244,20211202170632
dashboard-20211202170632-245,20211202170632
dashboard-20211202170632-246,20211202170632
dashboard-20211202170632-247,20211202170632
dashboard-20211202170632-248,20211202170632
dashboard-20211202170632-249,20211202170632
dashboard-20211202170632-250,20211202170632
dashboard-20211202170632-251,20211202170632
dashboard-20211202170632-252,20211202170632
dashboard-20211202170632-253,20211202170632
dashboard-20211202170632-254,20211202170632
dashboard-20211202170632-255,20211202170632
dashboard-20211202170632-256,20211202170632
dashboard-20211202170632-257,20211202170632
dashboard-20211202170632-258,20211202170632
dashboard-20211202170632-259,20211202170632
dashboard-20211202170632-260,20211202170632
dashboard-20211202170632-261,20211202170632
dashboard-20211202170632-262,20211202170632
dashboard-20211202170632-263,20211202170632
dashboard-20211202170632-264,20211202170632
dashboard-20211202170632-265,20211202170632
dashboard-20211202170632-266,20211202170632
dashboard-20211202170632-267,20211202170632
dashboard-20211202170632-268,20211202170632
dashboard-20211202170632-269,20211202170632
dashboard-20211202170632-270,20211202170632
dashboard-20211202170632-271,20211202170632
dashboard-20211202170632-272,20211202170632
dashboard-20211202170632-273,20211202170632
dashboard-20211202170632-274,20211202170632
dashboard-20211202170632-275,20211202170632
dashboard-20211202170632-276,20211202170632
dashboard-20211202170632-277,20211202170632
dashboard-20211202170632-278,20211202170632
dashboard-20211202170632-279,20211202170632
dashboard-20211202170632-280,20211202170632
dashboard-20211202170632-281,20211202170632
dashboard-20211202170632-282,20211202170632
dashboard-20211202170632-283,20211202170632
dashboard-20211202170632-284,20211202170632
dashboard-20211202170632-285,20211202170632
dashboard-20211202170632-286,20211202170632
dashboard-20211202170632-287,20211202170632
dashboard-20211202170632-288,20211202170632
dashboard-20211202170632-289,20211202170632
dashboard-20211202170632-290,20211202170632
dashboard-20211202170632-291,20211202170632
dashboard-20211202170632-292,20211202170632
dashboard-20211202170632-293,20211202170632
dashboard-20211202170632-294,20211202170632
dashboard-20211202170632-295,20211202170632
dashboard-20211202170632-296,20211202170632
dashboard-20211202170632-297,20211202170632
dashboard-20211202170632-298,20211202170632
dashboard-20211202170632-299,20211202170632
dashboard-20211202170632-300,20211202170632
dashboard-20211202170632-301,20211202170632
dashboard-20211202170632-302,20211202170632
dashboard-20211202170632-303,20211202170632
dashboard-20211202170632-304,20211202170632
dashboard-20211202170632-305,20211202170632
dashboard-20211202170632-306,20211202170632
dashboard-20211202170632-307,20211202170632
dashboard-20211202170632-308,20211202170632
dashboard-20211202170632-309,20211202170632
dashboard-20211202170632-310,20211202170632
dashboard-20211202170632-311,20211202170632
dashboard-20211202170632-312,20211202170632
dashboard-20211202170632-313,20211202170632
dashboard-20211202170632-314,20211202170632
dashboard-20211202170632-315,20211202170632
dashboard-20211202170632-316,20211202170632
dashboard-20211202170632-317,20211202170632
dashboard-20211202170632-318,20211202170632
dashboard-20211202170632-319,20211202170632
dashboard-20211202170632-320,20211202170632
dashboard-20211202170632-321,20211202170632
dashboard-20211202170632-322,20211202170632
dashboard-20211202170632-323,20211202170632
dashboard-20211202170632-324,20211202170632
dashboard-20211202170632-325,20211202170632
dashboard-20211202170632-326,20211202170632
dashboard-20211202170632-327,20211202170632
dashboard-20211202170632-328,20211202170632
dashboard-20211202170632-329,20211202170632
dashboard-20211202170632-330,20211202170632
dashboard-20211202170632-331,20211202170632
dashboard-20211202170632-332,20211202170632
dashboard-20211202170632-333,20211202170632
dashboard-20211202170632-334,20211202170632
dashboard-20211202170632-335,20211202170632
dashboard-20211202170632-336,20211202170632
dashboard-20211202170632-337,20211202170632
dashboard-20211202170632-338,20211202170632
dashboard-20211202170632-339,20211202170632
dashboard-20211202170632-340,20211202170632
dashboard-20211202170632-341,20211202170632
dashboard-20211202170632-342,20211202170632
dashboard-20211202170632-343,20211202170632
dashboard-20211202170632-344,20211202170632
dashboard-20211202170632-345,20211202170632
dashboard-20211202170632-346,20211202170632
dashboard-20211202170632-347,20211202170632
dashboard-20211202170632-348,20211202170632
dashboard-20211202170632-349,20211202170632
dashboard-20211202170632-350,20211202170632
dashboard-20211202170632-351,20211202170632
dashboard-20211202170632-352,20211202170632
dashboard-20211202170632-353,20211202170632
dashboard-20211202170632-354,20211202170632
dashboard-20211202170632-355,20211202170632
dashboard-20211202170632-356,20211202170632
dashboard-20211202170632-357,20211202170632
dashboard-20211202170632-358,20211202170632
dashboard-20211202170632-359,20211202170632
dashboard-20211202170632-360,20211202170632
dashboard-20211202170632-361,20211202170632
dashboard-20211202170632-362,20211202170632
dashboard-20211202170632-363,20211202170632
dashboard-20211202170632-364,20211202170632
dashboard-20211202170632-365,20211202170632
dashboard-20211202170632-366,20211202170632
dashboard-20211202170632-367,20211202170632
dashboard-20211202170632-368,20211202170632
dashboard-20211202170632-369,20211202170632
dashboard-20211202170632-370,20211202170632
dashboard-20211202170632-371,20211202170632
dashboard-20211202170632-372,20211202170632
dashboard-20211202170632-373,20211202170632
dashboard-20211202170632-374,20211202170632
dashboard-20211202170632-375,20211202170632
dashboard-20211202170632-376,20211202170632
dashboard-20211202170632-377,20211202170632
dashboard-20211202170632-378,20211202170632
dashboard-20211202170632-379,20211202170632
dashboard-20211202170632-380,20211202170632
dashboard-20211202170632-381,20211202170632
dashboard-20211202170632-382,20211202170632
dashboard-20211202170632-383,20211202170632
dashboard-20211202170632-384,20211202170632
dashboard-20211202170632-385,20211202170632
dashboard-20211202170632-386,20211202170632
dashboard-20211202170632-387,20211202170632
dashboard-20211202170632-388,20211202170632
dashboard-20211202170632-389,20211202170632
dashboard-20211202170632-390,20211202170632
dashboard-20211202170632-391,20211202170632
dashboard-20211202170632-392,20211202170632
dashboard-20211202170632-393,20211202170632
dashboard-20211202170632-394,20211202170632
dashboard-20211202170632-395,20211202170632
dashboard-20211202170632-396,20211202170632
dashboard-20211202170632-397,20211202170632
dashboard-20211202170632-398,20211202170632
dashboard-20211202170632-399,20211202170632
dashboard-20211202170632-400,20211202170632
dashboard-20211202170632-401,20211202170632
dashboard-20211202170632-402,20211202170632
dashboard-20211202170632-403,20211202170632
dashboard-20211202170632-404,20211202170632
dashboard-20211202170632-405,20211202170632
dashboard-20211202170632-406,20211202170632
dashboard-20211202170632-407,20211202170632
dashboard-20211202170632-408,20211202170632
dashboard-20211202170632-409,20211202170632
dashboard-20211202170632-410,20211202170632
dashboard-20211202170632-411,20211202170632
dashboard-20211202170632-412,20211202170632
dashboard-20211202170632-413,20211202170632
dashboard-20211202170632-414,20211202170632
dashboard-20211202170632-415,20211202170632
dashboard-20211202170632-416,20211202170632
dashboard-20211202170632-417,20211202170632
dashboard-20211202170632-418,20211202170632
dashboard-20211202170632-419,20211202170632
dashboard-20211202170632-420,20211202170632
dashboard-20211202170632-421,20211202170632
dashboard-20211202170632-422,20211202170632
dashboard-20211202170632-423,20211202170632
dashboard-20211202170632-424,20211202170632
dashboard-20211202170632-425,20211202170632
dashboard-20211202170632-426,20211202170632
dashboard-20211202170632-427,20211202170632
dashboard-20211202170632-428,20211202170632
dashboard-20211202170632-429,20211202170632
dashboard-20211202170632-430,20211202170632
dashboard-20211202170632-431,20211202170632
dashboard-20211202170632-432,20211202170632
dashboard-20211202170632-433,20211202170632
dashboard-20211202170632-434,20211202170632
dashboard-20211202170632-435,20211202170632
dashboard-20211202170632-436,20211202170632
dashboard-20211202170632-437,20211202170632
dashboard-20211202170632-438,20211202170632
dashboard-20211202170632-439,20211202170632
dashboard-20211202170632-440,20211202170632
dashboard-20211202170632-441,20211202170632
dashboard-20211202170632-442,20211202170632
dashboard-20211202170632-443,20211202170632
dashboard-20211202170632-444,20211202170632
dashboard-20211202170632-445,20211202170632
dashboard-20211202170632-446,20211202170632
dashboard-20211202170632-447,20211202170632
dashboard-20211202170632-448,20211202170632
dashboard-20211202170632-449,20211202170632
dashboard-20211202170632-450,20211202170632
dashboard-20211202170632-451,20211202170632
dashboard-20211202170632-452,20211202170632
dashboard-20211202170632-453,20211202170632
dashboard-20211202170632-454,20211202170632
dashboard-20211202170632-455,20211202170632
dashboard-20211202170632-456,20211202170632
dashboard-20211202170632-457,20211202170632
dashboard-20211202170632-458,20211202170632
dashboard-20211202170632-459,20211202170632
dashboard-20211202170632-460,20211202170632
dashboard-20211202170632-461,20211202170632
dashboard-20211202170632-462,20211202170632
dashboard-20211202170632-463,20211202170632
dashboard-20211202170632-464,20211202170632
dashboard-20211202170632-465,20211202170632
dashboard-20211202170632-466,20211202170632
dashboard-20211202170632-467,20211202170632
dashboard-20211202170632-468,20211202170632
dashboard-20211202170632-469,20211202170632
dashboard-20211202170632-470,20211202170632
dashboard-20211202170632-471,20211202170632
dashboard-20211202170632-472,20211202170632
dashboard-20211202170632-473,20211202170632
dashboard-20211202170632-474,20211202170632
dashboard-20211202170632-475,20211202170632
dashboard-20211202170632-476,20211202170632
dashboard-20211202170632-477,20211202170632
dashboard-20211202170632-478,20211202170632
dashboard-20211202170632-479,20211202170632
dashboard-20211202170632-480,20211202170632
dashboard-20211202170632-481,20211202170632
dashboard-20211202170632-482,20211202170632
dashboard-20211202170632-483,20211202170632
dashboard-20211202170632-484,20211202170632
dashboard-20211202170632-485,20211202170632
dashboard-20211202170632-486,20211202170632
dashboard-20211202170632-487,20211202170632
dashboard-20211202170632-488,20211202170632
dashboard-20211202170632-489,20211202170632
dashboard-20211202170632-490,20211202170632
dashboard-20211202170632-491,20211202170632
dashboard-20211202170632-492,20211202170632
dashboard-20211202170632-493,20211202170632
dashboard-20211202170632-494,20211202170632
dashboard-20211202170632-495,20211202170632
dashboard-20211202170632-496,20211202170632
dashboard-20211202170632-497,20211202170632
dashboard-20211202170632-498,20211202170632
dashboard-20211202170632-499,20211202170632
dashboard-20211202170632-500,20211202170632
dashboard-20211202170632-501,20211202170632
dashboard-20211202170632-502,20211202170632
dashboard-20211202170632-503,20211202170632
dashboard-20211202170632-504,20211202170632
dashboard-20211202170632-505,20211202170632
dashboard-20211202170632-506,20211202170632
dashboard-20211202170632-507,20211202170632
dashboard-20211202170632-508,20211202170632
dashboard-20211202170632-509,20211202170632
dashboard-20211202170632-510,20211202170632
dashboard-20211202170632-511,20211202170632
dashboard-20211202170632-512,20211202170632
dashboard-20211202170632-513,20211202170632
dashboard-20211202170632-514,20211202170632
dashboard-20211202170632-515,20211202170632
dashboard-20211202170632-516,20211202170632
dashboard-20211202170632-517,20211202170632
dashboard-20211202170632-518,20211202170632
dashboard-20211202170632-519,20211202170632
dashboard-20211202170632-520,20211202170632
dashboard-20211202170632-521,20211202170632
dashboard-20211202170632-522,20211202170632
dashboard-20211202170632-523,20211202170632
dashboard-20211202170632-524,20211202170632
dashboard-20211202170632-525,20211202170632
dashboard-20211202170632-526,20211202170632
dashboard-20211202170632-527,20211202170632
dashboard-20211202170632-528,20211202170632
dashboard-20211202170632-529,20211202170632
dashboard-20211202170632-530,20211202170632
dashboard-20211202170632-531,20211202170632
dashboard-20211202170632-532,20211202170632
dashboard-20211202170632-533,20211202170632
dashboard-20211202170632-534,20211202170632
dashboard-20211202170632-535,20211202170632
dashboard-20211202170632-536,20211202170632
dashboard-20211202170632-537,20211202170632
dashboard-20211202170632-538,20211202170632
dashboard-20211202170632-539,20211202170632
dashboard-20211202170632-540,20211202170632
dashboard-20211202170632-541,20211202170632
dashboard-20211202170632-542,20211202170632
dashboard-20211202170632-543,20211202170632
dashboard-20211202170632-544,20211202170632
dashboard-20211202170632-545,20211202170632
dashboard-20211202170632-546,20211202170632
dashboard-20211202170632-547,20211202170632
dashboard-20211202170632-548,20211202170632
dashboard-20211202170632-549,20211202170632
dashboard-20211202170632-550,20211202170632
dashboard-20211202170632-551,20211202170632
dashboard-20211202170632-552,20211202170632
dashboard-20211202170632-553,20211202170632
dashboard-20211202170632-554,20211202170632
dashboard-20211202170632-555,20211202170632
dashboard-20211202170632-556,20211202170632
dashboard-20211202170632-557,20211202170632
dashboard-20211202170632-558,20211202170632
dashboard-20211202170632-559,20211202170632
dashboard-20211202170632-560,20211202170632
dashboard-20211202170632-561,20211202170632
dashboard-20211202170632-562,20211202170632
dashboard-20211202170632-563,20211202170632
dashboard-20211202170632-564,20211202170632
dashboard-20211202170632-565,20211202170632
dashboard-20211202170632-566,20211202170632
dashboard-20211202170632-567,20211202170632
dashboard-20211202170632-568,20211202170632
dashboard-20211202170632-569,20211202170632
dashboard-20211202170632-570,20211202170632
dashboard-20211202170632-571,20211202170632
dashboard-20211202170632-572,20211202170632
dashboard-20211202170632-573,20211202170632
dashboard-20211202170632-574,20211202170632
dashboard-20211202170632-575,20211202170632
dashboard-20211202170632-576,20211202170632
dashboard-20211202170632-577,20211202170632
dashboard-20211202170632-578,20211202170632
dashboard-20211202170632-579,20211202170632
dashboard-20211202170632-580,20211202170632
dashboard-20211202170632-581,20211202170632
dashboard-20211202170632-582,20211202170632
dashboard-20211202170632-583,20211202170632
dashboard-20211202170632-584,20211202170632
dashboard-20211202170632-585,20211202170632
dashboard-20211202170632-586,20211202170632
dashboard-20211202170632-587,20211202170632
dashboard-20211202170632-588,20211202170632
dashboard-20211202170632-589,20211202170632
dashboard-20211202170632-590,20211202170632
dashboard-20211202170632-591,20211202170632
dashboard-20211202170632-592,20211202170632
dashboard-20211202170632-593,20211202170632
dashboard-20211202170632-594,20211202170632
dashboard-20211202170632-595,20211202170632
dashboard-20211202170632-596,20211202170632
dashboard-20211202170632-597,20211202170632
dashboard-20211202170632-598,20211202170632
dashboard-20211202170632-599,20211202170632
dashboard-20211202170632-600,20211202170632
dashboard-20211202170632-601,20211202170632
dashboard-20211202170632-602,20211202170632
dashboard-20211202170632-603,20211202170632
dashboard-20211202170632-604,20211202170632
dashboard-20211202170632-605,20211202170632
dashboard-20211202170632-606,20211202170632
dashboard-20211202170632-607,20211202170632
dashboard-20211202170632-608,20211202170632
dashboard-20211202170632-609,20211202170632
dashboard-20211202170632-610,20211202170632
dashboard-20211202170632-611,20211202170632
dashboard-20211202170632-612,20211202170632
dashboard-20211202170632-613,20211202170632
dashboard-20211202170632-614,20211202170632
dashboard-20211202170632-615,20211202170632
dashboard-20211202170632-616,20211202170632
dashboard-20211202170632-617,20211202170632
dashboard-20211202170632-618,20211202170632
dashboard-20211202170632-619,20211202170632
dashboard-20211202170632-620,20211202170632
dashboard-20211202170632-621,20211202170632
dashboard-20211202170632-622,20211202170632
dashboard-20211202170632-623,20211202170632
dashboard-20211202170632-624,20211202170632
dashboard-20211202170632-625,20211202170632
dashboard-20211202170632-626,20211202170632
dashboard-20211202170632-627,20211202170632
dashboard-20211202170632-628,20211202170632
dashboard-20211202170632-629,20211202170632
dashboard-20211202170632-630,20211202170632
dashboard-20211202170632-631,20211202170632
dashboard-20211202170632-632,20211202170632
dashboard-20211202170632-633,20211202170632
dashboard-20211202170632-634,20211202170632
dashboard-20211202170632-635,20211202170632
dashboard-20211202170632-636,20211202170632
dashboard-20211202170632-637,20211202170632
dashboard-20211202170632-638,20211202170632
dashboard-20211202170632-639,20211202170632
dashboard-20211202170632-640,20211202170632
dashboard-20211202170632-641,20211202170632
dashboard-20211202170632-642,20211202170632
dashboard-20211202170632-643,20211202170632
dashboard-20211202170632-644,20211202170632
dashboard-20211202170632-645,20211202170632
dashboard-20211202170632-646,20211202170632
dashboard-20211202170632-647,20211202170632
dashboard-20211202170632-648,20211202170632
dashboard-20211202170632-649,20211202170632
dashboard-20211202170632-650,20211202170632
dashboard-20211202170632-651,20211202170632
dashboard-20211202170632-652,20211202170632
dashboard-20211202170632-653,20211202170632
dashboard-20211202170632-654,20211202170632
dashboard-20211202170632-655,20211202170632
dashboard-20211202170632-656,20211202170632
dashboard-20211202170632-657,20211202170632
dashboard-20211202170632-658,20211202170632
dashboard-20211202170632-659,20211202170632
dashboard-20211202170632-660,20211202170632
dashboard-20211202170632-661,20211202170632
dashboard-20211202170632-662,20211202170632
dashboard-20211202170632-663,20211202170632
dashboard-20211202170632-664,20211202170632
dashboard-20211202170632-665,20211202170632
dashboard-20211202170632-666,20211202170632
dashboard-20211202170632-667,20211202170632
dashboard-20211202170632-668,20211202170632
dashboard-20211202170632-669,20211202170632
dashboard-20211202170632-670,20211202170632
dashboard-20211202170632-671,20211202170632
dashboard-20211202170632-672,20211202170632
dashboard-20211202170632-673,20211202170632
dashboard-20211202170632-674,20211202170632
dashboard-20211202170632-675,20211202170632
dashboard-20211202170632-676,20211202170632
dashboard-20211202170632-677,20211202170632
dashboard-20211202170632-678,20211202170632
dashboard-20211202170632-679,20211202170632
dashboard-20211202170632-680,20211202170632
dashboard-20211202170632-681,20211202170632
dashboard-20211202170632-682,20211202170632
dashboard-20211202170632-683,20211202170632
dashboard-20211202170632-684,20211202170632
dashboard-20211202170632-685,20211202170632
dashboard-20211202170632-686,20211202170632
dashboard-20211202170632-687,20211202170632
dashboard-20211202170632-688,20211202170632
dashboard-20211202170632-689,20211202170632
dashboard-20211202170632-690,20211202170632
dashboard-20211202170632-691,20211202170632
dashboard-20211202170632-692,20211202170632
dashboard-20211202170632-693,20211202170632
dashboard-20211202170632-694,20211202170632
